DROP SCHEMA IF EXISTS tragamillas2;
CREATE SCHEMA tragamillas2;
use tragamillas2;
CREATE TABLE ROL(
  id_rol int primary key,
  nombre varchar(30) not null
);
INSERT INTO
  `ROL` (`id_rol`, `nombre`)
VALUES
  (1, 'admin');
INSERT INTO
  `ROL` (`id_rol`, `nombre`)
VALUES
  (2, 'entrenador');
INSERT INTO
  `ROL` (`id_rol`, `nombre`)
VALUES
  (3, 'socio');
INSERT INTO
  `ROL` (`id_rol`, `nombre`)
VALUES
  (4, 'tienda');
CREATE TABLE USUARIO(
    id_usuario int AUTO_INCREMENT,
    dni varchar(11) unique,
    nombre varchar(20) not null,
    apellidos varchar(30) not null,
    email varchar(40) not null,
    direccion varchar(150) not null,
    fecha_nacimiento date,
    telefono int not null,
    CCC varchar(25) not null,
    passw varchar(50),
    talla varchar(5) not null,
    foto varchar(800),
    gir varchar(20),
    entregado boolean not null,
    id_rol int,
    primary key (id_usuario),
    constraint FK_id_rol_usu foreign key(id_rol) references ROL (id_rol) on delete cascade on update cascade
  );
INSERT INTO
  `USUARIO` (
    `id_usuario`,
    `dni`,
    `nombre`,
    `apellidos`,
    `email`,
    `direccion`,
    `fecha_nacimiento`,
    `telefono`,
    `CCC`,
    `passw`,
    `talla`,
    `foto`,
    `entregado`,
    `id_rol`
  )
VALUES
  (
    11,
    '11',
    'admin',
    'admin',
    'admin@admin.com',
    'dire',
    '2000-1-1',
    11,
    '',
    '21232f297a57a5a743894a0e4a801fc3',
    'l',
    '',
    1,
    1
  );
INSERT INTO
  `USUARIO` (
    `id_usuario`,
    `dni`,
    `nombre`,
    `apellidos`,
    `email`,
    `direccion`,
    `fecha_nacimiento`,
    `telefono`,
    `CCC`,
    `passw`,
    `talla`,
    `foto`,
    `entregado`,
    `id_rol`
  )
VALUES
  (
    22,
    '22',
    'entrenador',
    'entrenador',
    'entrenador@entrenador.com',
    'dire',
    '2000-1-1',
    22,
    '',
    'a990ba8861d2b344810851e7e6b49104',
    'm',
    '',
    1,
    2
  );
INSERT INTO
  `USUARIO` (
    `id_usuario`,
    `dni`,
    `nombre`,
    `apellidos`,
    `email`,
    `direccion`,
    `fecha_nacimiento`,
    `telefono`,
    `CCC`,
    `passw`,
    `talla`,
    `foto`,
    `entregado`,
    `id_rol`
  )
VALUES
  (
    33,
    '33',
    'socio',
    'socio',
    'socio@socio.com',
    'dire',
    '2000-1-1',
    33,
    '',
    '1b1844daa452df42c6f9123857ca686c',
    's',
    '',
    1,
    3
  ),
  (
    331,
    '331',
    'socio1',
    'socio1',
    'socio1@socio.com',
    'dire',
    '2000-1-1',
    331,
    '',
    '1b1844daa452df42c6f9123857ca686c',
    's',
    '',
    1,
    3
  ),
  (
    332,
    '332',
    'socio2',
    'socio2',
    'socio2@socio.com',
    'dire',
    '2000-1-1',
    332,
    '',
    '1b1844daa452df42c6f9123857ca686c',
    's',
    '',
    1,
    3
  ),
  (
    333,
    '333',
    'socio3',
    'socio3',
    'socio3@socio.com',
    'dire',
    '2000-1-1',
    333,
    '',
    '1b1844daa452df42c6f9123857ca686c',
    's',
    '',
    1,
    3
  ),
  (
    334,
    '334',
    'socio4',
    'socio4',
    'socio4@socio.com',
    'dire',
    '2000-1-1',
    334,
    '',
    '1b1844daa452df42c6f9123857ca686c',
    's',
    '',
    1,
    3
  ),
  (
    335,
    '335',
    'socio5',
    'socio5',
    'socio5@socio.com',
    'dire',
    '2000-1-1',
    335,
    '',
    '1b1844daa452df42c6f9123857ca686c',
    's',
    '',
    1,
    3
  ),
  (
    336,
    '336',
    'socio6',
    'socio6',
    'socio6@socio.com',
    'dire',
    '2000-1-1',
    336,
    '',
    '1b1844daa452df42c6f9123857ca686c',
    's',
    '',
    1,
    3
  ),
  (
    337,
    '337',
    'socio7',
    'socio7',
    'socio7@socio.com',
    'dire',
    '2000-1-1',
    337,
    '',
    '1b1844daa452df42c6f9123857ca686c',
    's',
    '',
    1,
    3
  ),
  (
    338,
    '338',
    'socio8',
    'socio8',
    'socio8@socio.com',
    'dire',
    '2000-1-1',
    338,
    '',
    '1b1844daa452df42c6f9123857ca686c',
    's',
    '',
    1,
    3
  ),
  (
    339,
    '339',
    'socio9',
    'socio9',
    'socio9@socio.com',
    'dire',
    '2000-1-1',
    339,
    '',
    '1b1844daa452df42c6f9123857ca686c',
    's',
    '',
    1,
    3
  );
INSERT INTO
  `USUARIO` (
    `id_usuario`,
    `dni`,
    `nombre`,
    `apellidos`,
    `email`,
    `direccion`,
    `fecha_nacimiento`,
    `telefono`,
    `CCC`,
    `passw`,
    `talla`,
    `foto`,
    `entregado`,
    `id_rol`
  )
VALUES
  (
    44,
    '44',
    'tienda',
    'tienda',
    'tienda@tienda.com',
    'dire',
    '2000-1-1',
    44,
    '',
    '1a07afe7fc2c54d466d12569f05fb391',
    'xl',
    '',
    1,
    4
  );
CREATE TABLE TEMPORADA(
    id_temp int primary key,
    fecha_inicio date not null,
    fecha_fin date not null
  );
CREATE TABLE USUARIO_x_TEMPORADA(
    id_temp int,
    id_usuario int,
    primary key (id_temp, id_usuario),
    constraint FK_id_temp_usu_temp foreign key (id_temp) references TEMPORADA (id_temp) on delete cascade on update cascade,
    constraint FK_id_usuario_usu_temp foreign key (id_usuario) references USUARIO (id_usuario) on delete cascade on update cascade
  );
CREATE TABLE ENTRENADOR(
    id_usuario int,
    sueldo int,
    constraint PK_id_usuario_entrena primary key (id_usuario),
    constraint FK_id_usuario_entrena foreign key (id_usuario) references USUARIO (id_usuario) on delete cascade on update cascade
  );
CREATE TABLE G_PERSONAL (
    id_gasto int primary key AUTO_INCREMENT,
    fecha date,
    concepto varchar (500),
    importe int,
    id_usuario int,
    constraint FK_id_usuario_gpers foreign key (id_usuario) references ENTRENADOR (id_usuario) on delete cascade on update cascade
  );
CREATE TABLE GRUPO(
    id_grupo int primary key AUTO_INCREMENT,
    nombre varchar (40),
    fecha_ini date,
    fecha_fin date
  );
INSERT INTO
  `GRUPO`(
    `id_grupo`,
    `nombre`,
    `fecha_ini`,
    `fecha_fin`
  )
VALUES
  (
    '1',
    'ATLETISMO_GENERAL_BENJAMINES',
    '2022/09/01',
    '2022/09/30'
  );
INSERT INTO
  `GRUPO`(
    `id_grupo`,
    `nombre`,
    `fecha_ini`,
    `fecha_fin`
  )
VALUES
  (
    '2',
    'ATLETISMO_GENERAL_ALEVINES',
    '2022/09/01',
    '2022/09/30'
  );
INSERT INTO
  `GRUPO`(
    `id_grupo`,
    `nombre`,
    `fecha_ini`,
    `fecha_fin`
  )
VALUES
  (
    '3',
    'ATLETISMO_GENERAL_INFANTILES',
    '2022/09/01',
    '2022/09/30'
  );
INSERT INTO
  `GRUPO`(
    `id_grupo`,
    `nombre`,
    `fecha_ini`,
    `fecha_fin`
  )
VALUES
  (
    '4',
    'PRUEBAS-VELOCIDAD',
    '2022/09/01',
    '2022/09/30'
  );
INSERT INTO
  `GRUPO`(
    `id_grupo`,
    `nombre`,
    `fecha_ini`,
    `fecha_fin`
  )
VALUES
  (
    '5',
    'FONDO_Y_MEDIOFONDO',
    '2022/09/01',
    '2022/09/30'
  );
INSERT INTO
  `GRUPO`(
    `id_grupo`,
    `nombre`,
    `fecha_ini`,
    `fecha_fin`
  )
VALUES
  (
    '6',
    'DIA_ENTRENAMIENTO',
    '2022/09/01',
    '2022/09/30'
  );
INSERT INTO
  `GRUPO`(
    `id_grupo`,
    `nombre`,
    `fecha_ini`,
    `fecha_fin`
  )
VALUES
  (
    '7',
    'ESCUELA_TRIATLON',
    '2022/09/01',
    '2022/09/30'
  );
CREATE TABLE ENTRENADOR_GRUPO(
    fecha date,
    id_grupo int,
    id_usuario int,
    primary key (fecha, id_grupo, id_usuario),
    constraint FK_id_grupo_entrena_grupo foreign key (id_grupo) references GRUPO (id_grupo) on delete cascade on update cascade,
    constraint FK_id_usuario_entrena_grupo foreign key (id_usuario) references ENTRENADOR (id_usuario) on delete cascade on update cascade
  );
CREATE TABLE HORARIO(
    id_horario int primary key AUTO_INCREMENT,
    dia_sem varchar(20),
    hora_ini varchar(20),
    hora_fin varchar(20)
  );
CREATE TABLE HORARIO_GRUPO(
    id_horario int,
    id_grupo int,
    primary key (id_horario, id_grupo),
    constraint FK_id_horario_horario_grupo foreign key (id_horario) references HORARIO (id_horario) on delete cascade on update cascade,
    constraint FK_id_grupo_horario_grupo foreign key (id_grupo) references GRUPO (id_grupo) on delete cascade on update cascade
  );
CREATE TABLE SOLICITUD_SOCIO(
    id_solicitud_soc int primary key AUTO_INCREMENT,
    DNI varchar (11) unique,
    nombre varchar(20) not null,
    apellidos varchar(30) not null,
    CCC varchar(25) not null,
    talla varchar(5) not null,
    fecha_nacimiento date not null,
    email varchar(40) not null,
    telefono int not null,
    direccion varchar(40) not null,
    es_socio boolean not null
  );
CREATE TABLE SOCIO(
    id_socio int primary key,
    familiar int,
    constraint FK_id_socio_socio foreign key (id_socio) references USUARIO (id_usuario) on delete cascade on update cascade,
    constraint FK_familiar_socio foreign key (familiar) references SOCIO (id_socio) on delete cascade on update cascade
  );
INSERT INTO
  `tragamillas2`.`SOCIO` (`id_socio`, `familiar`)
VALUES
  (33, 33),
  (331, 33),
  (332, 33),
  (333, 33),
  (334, 33),
  (335, 33),
  (336, 33),
  (337, 33),
  (338, 33),
  (339, 33);
CREATE TABLE SOCIO_GRUPO(
    id_grupo int,
    id_usuario int,
    fecha_inscripcion date not null,
    acepatado boolean not null,
    activo boolean not null,
    id_categoria int,
    foto varchar(800),
    primary key (id_grupo, id_usuario, fecha_inscripcion),
    constraint FK_id_grupo_socio_grupo foreign key (id_grupo) references GRUPO (id_grupo) on delete cascade on update cascade,
    constraint FK_id_usuario_socio_grupo foreign key (id_usuario) references SOCIO (id_socio) on delete cascade on update cascade
  );
CREATE TABLE LICENCIA(
    id_licencia int primary key AUTO_INCREMENT,
    id_usuario int not null,
    imagen varchar(800),
    num_licencia varchar(50),
    fecha_cad date,
    tipo varchar (30) not null,
    dorsal int,
    regional_nacional varchar (10),
    constraint FK_id_usuario_licencia foreign key (id_usuario) references SOCIO (id_socio) on delete cascade on update cascade
  );
CREATE TABLE PRUEBA(
    id_prueba int primary key,
    nombrePrueba varchar(30) not null,
    tipo varchar(40) not null
  );
INSERT INTO
  `PRUEBA` (`id_prueba`, `nombrePrueba`, `tipo`)
VALUES
  (1, '60 m', 'Velocidad');
INSERT INTO
  `PRUEBA` (`id_prueba`, `nombrePrueba`, `tipo`)
VALUES
  (2, '80 m', 'Velocidad');
INSERT INTO
  `PRUEBA` (`id_prueba`, `nombrePrueba`, `tipo`)
VALUES
  (3, '100 m', 'Velocidad');
INSERT INTO
  `PRUEBA` (`id_prueba`, `nombrePrueba`, `tipo`)
VALUES
  (4, '200 m', 'Velocidad');
INSERT INTO
  `PRUEBA` (`id_prueba`, `nombrePrueba`, `tipo`)
VALUES
  (5, '400 m', 'Velocidad');
INSERT INTO
  `PRUEBA` (`id_prueba`, `nombrePrueba`, `tipo`)
VALUES
  (6, '600 m', 'Medio fondo');
INSERT INTO
  `PRUEBA` (`id_prueba`, `nombrePrueba`, `tipo`)
VALUES
  (7, '800 m ', 'Medio fondo');
INSERT INTO
  `PRUEBA` (`id_prueba`, `nombrePrueba`, `tipo`)
VALUES
  (8, '1500 m ', 'Medio fondo');
INSERT INTO
  `PRUEBA` (`id_prueba`, `nombrePrueba`, `tipo`)
VALUES
  (9, 'Milla', 'Medio fondo');
INSERT INTO
  `PRUEBA` (`id_prueba`, `nombrePrueba`, `tipo`)
VALUES
  (10, '5000 m ', 'Fondo');
INSERT INTO
  `PRUEBA` (`id_prueba`, `nombrePrueba`, `tipo`)
VALUES
  (11, '10000 m', 'Fondo');
INSERT INTO
  `PRUEBA` (`id_prueba`, `nombrePrueba`, `tipo`)
VALUES
  (12, 'Media maraton', 'Fondo');
INSERT INTO
  `PRUEBA` (`id_prueba`, `nombrePrueba`, `tipo`)
VALUES
  (13, 'Maraton', 'Fondo');
INSERT INTO
  `PRUEBA` (`id_prueba`, `nombrePrueba`, `tipo`)
VALUES
  (14, '60', 'Obstaculos');
INSERT INTO
  `PRUEBA` (`id_prueba`, `nombrePrueba`, `tipo`)
VALUES
  (15, '80', 'Obstaculos');
INSERT INTO
  `PRUEBA` (`id_prueba`, `nombrePrueba`, `tipo`)
VALUES
  (16, '110', 'Obstaculos');
INSERT INTO
  `PRUEBA` (`id_prueba`, `nombrePrueba`, `tipo`)
VALUES
  (17, '3000', 'Obstaculos');
INSERT INTO
  `PRUEBA` (`id_prueba`, `nombrePrueba`, `tipo`)
VALUES
  (18, 'Longitud', 'Concursos');
INSERT INTO
  `PRUEBA` (`id_prueba`, `nombrePrueba`, `tipo`)
VALUES
  (19, 'Altura', 'Concursos');
INSERT INTO
  `PRUEBA` (`id_prueba`, `nombrePrueba`, `tipo`)
VALUES
  (20, 'Triple salto', 'Concursos');
INSERT INTO
  `PRUEBA` (`id_prueba`, `nombrePrueba`, `tipo`)
VALUES
  (21, 'Pertiga', 'Concursos');
INSERT INTO
  `PRUEBA` (`id_prueba`, `nombrePrueba`, `tipo`)
VALUES
  (22, 'Peso', 'Concursos');
INSERT INTO
  `PRUEBA` (`id_prueba`, `nombrePrueba`, `tipo`)
VALUES
  (23, 'Martillo', 'Concursos');
INSERT INTO
  `PRUEBA` (`id_prueba`, `nombrePrueba`, `tipo`)
VALUES
  (24, 'Jabalina', 'Concursos');
CREATE TABLE PRUEBA_SOCIO(
    id_prueba int,
    id_usuario int,
    fecha date,
    marca varchar (50),
    primary key (id_prueba, id_usuario, fecha),
    constraint FK_id_prueba_prueba_socio foreign key (id_prueba) references PRUEBA (id_prueba) on delete cascade on update cascade,
    constraint FK_id_usuario_prueba_socio foreign key (id_usuario) references SOCIO (id_socio) on delete cascade on update cascade
  );
CREATE TABLE TEST(
    id_test int primary key AUTO_INCREMENT,
    nombreTest varchar (30)
  );
INSERT INTO
  `TEST` (`id_test`, `nombreTest`)
VALUES
  (1, 'test primavera');
INSERT INTO
  `TEST` (`id_test`, `nombreTest`)
VALUES
  (2, 'test invierno');
CREATE TABLE TEST_PRUEBA(
    id_test int,
    id_prueba int,
    primary key (id_test, id_prueba),
    constraint FK_id_test_test_prueba foreign key (id_test) references TEST (id_test) on delete cascade on update cascade,
    constraint FK_id_prueba_test_prueba foreign key (id_prueba) references PRUEBA (id_prueba) on delete cascade on update cascade
  );
CREATE TABLE CATEGORIA(
    id_categoria int primary key,
    nombre varchar (40) not null,
    edad_min int not null,
    edad_max int not null
  );
INSERT INTO
  `CATEGORIA` (
    `id_categoria`,
    `nombre`,
    `edad_min`,
    `edad_max`
  )
VALUES
  ('1', 'BENJAMIN', '8', '9');
INSERT INTO
  `CATEGORIA` (
    `id_categoria`,
    `nombre`,
    `edad_min`,
    `edad_max`
  )
VALUES
  ('2', 'ALEVIN', '10', '11');
INSERT INTO
  `CATEGORIA` (
    `id_categoria`,
    `nombre`,
    `edad_min`,
    `edad_max`
  )
VALUES
  ('3', 'INFANTILES', '12', '13');
INSERT INTO
  `CATEGORIA` (
    `id_categoria`,
    `nombre`,
    `edad_min`,
    `edad_max`
  )
VALUES
  ('4', 'ADULTO', '14', '99');
CREATE TABLE CATEGORIA_SOCIO(
    id_categoria int,
    id_usuario int,
    fecha date,
    primary key (id_categoria, id_usuario, fecha),
    constraint FK_id_categoria_categoria_socio foreign key (id_categoria) references CATEGORIA (id_categoria) on delete cascade on update cascade,
    constraint FK_id_usuario_categoria_socio foreign key (id_usuario) references SOCIO (id_socio) on delete cascade on update cascade
  );
CREATE TABLE OTRAS_ENTIDADES(
    id_entidad varchar (10) primary key,
    nombre varchar (40) not null,
    direccion varchar (200) not null,
    telefono int(9) not null,
    email varchar(50) null,
    observaciones varchar (30)
  );
INSERT INTO
  `tragamillas2`.`OTRAS_ENTIDADES` (
    `id_entidad`,
    `nombre`,
    `direccion`,
    `telefono`,
    `email`,
    `observaciones`
  )
VALUES
  (
    '1',
    'adidas',
    'direccion',
    '123456789',
    'email@email.com',
    'observaciones'
  );
CREATE TABLE I_OTROS(
    id_ingreso_otros int primary key AUTO_INCREMENT,
    fecha date not null,
    concepto varchar (500) not null,
    importe int not null,
    id_entidad varchar (10),
    constraint FK_id_entidad_i_otros foreign key (id_entidad) references OTRAS_ENTIDADES (id_entidad) on delete cascade on update cascade
  );
CREATE TABLE G_OTROS(
    id_gastos int primary key AUTO_INCREMENT,
    fecha date not null,
    concepto varchar (500) not null,
    importe int not null,
    id_usuario int,
    id_entidad varchar(10),
    constraint FK_id_usuario_g_otros foreign key (id_usuario) references SOCIO (id_socio) on delete cascade on update cascade,
    constraint FK_id_entidad_g_otros foreign key (id_entidad) references OTRAS_ENTIDADES (id_entidad) on delete cascade on update cascade
  );
INSERT INTO
  `tragamillas2`.`G_OTROS` (
    `id_gastos`,
    `fecha`,
    `concepto`,
    `importe`,
    `id_usuario`,
    `id_entidad`
  )
VALUES
  ('1', '2022-02-18', 'equipacion', '15', '33', '1'),
  (
    '2',
    '2022-02-18',
    'equipacion',
    '15',
    '331',
    '1'
  ),
  (
    '3',
    '2022-02-18',
    'equipacion',
    '15',
    '332',
    '1'
  );
CREATE TABLE I_CUOTAS(
    id_ingreso_cuota int primary key AUTO_INCREMENT,
    fecha date not null,
    concepto varchar (500) not null,
    importe int not null,
    id_usuario int not null,
    constraint FK_id_usuario_i_cuotas foreign key (id_usuario) references SOCIO (id_socio) on delete cascade on update cascade
  );
INSERT INTO
  `tragamillas2`.`I_CUOTAS` (
    `id_ingreso_cuota`,
    `fecha`,
    `concepto`,
    `importe`,
    `id_usuario`
  )
VALUES
  (
    '000201507444',
    '2021-02-18',
    'CUOTA SOCIO TRAGAMILLAS',
    '30',
    '33'
  ),
  (
    '000330407092',
    '2021-02-18',
    'CUOTA SOCIO TRAGAMILLAS',
    '30',
    '331'
  ),
  (
    '000330898570',
    '2021-02-18',
    'CUOTA SOCIO TRAGAMILLAS',
    '100',
    '332'
  ),
  (
    '000330898571',
    '2022-02-18',
    'CUOTA SOCIO TRAGAMILLAS',
    '100',
    '332'
  ),
  (
    '000330898572',
    '2022-02-18',
    'CUOTA SOCIO TRAGAMILLAS',
    '100',
    '332'
  ),
  (
    '000330898573',
    '2022-02-18',
    'CUOTA SOCIO TRAGAMILLAS',
    '100',
    '332'
  );
CREATE TABLE EQUIPACION(
    id_equipacion int primary key,
    talla varchar(5) not null,
    fecha_peticion date not null,
    id_usuario int,
    id_ingreso_cuota int,
    id_gastos int,
    constraint FK_id_usuario_equipacion foreign key (id_usuario) references USUARIO (id_usuario) on delete cascade on update cascade,
    constraint FK_id_ingreso_cuota_equipacion foreign key (id_ingreso_cuota) references I_CUOTAS (id_ingreso_cuota) on delete cascade on update cascade,
    constraint FK_id_gastos_equipacion foreign key (id_gastos) references G_OTROS (id_gastos) on delete cascade on update cascade
  );
INSERT INTO
  `tragamillas2`.`EQUIPACION` (
    `id_equipacion`,
    `talla`,
    `fecha_peticion`,
    `id_usuario`,
    `id_ingreso_cuota`,
    `id_gastos`
  )
VALUES
  (
    '1',
    'xl',
    '2022-02-18',
    '33',
    '000201507444',
    '1'
  ),
  (
    '2',
    'xl',
    '2022-02-18',
    '331',
    '000330407092',
    '2'
  ),
  (
    '3',
    'xl',
    '2022-02-18',
    '332',
    '000330898570',
    '3'
  ),
  (
    '4',
    'xl',
    '2022-02-18',
    '333',
    '000330898570',
    '3'
  ),
  (
    '5',
    'xl',
    '2022-02-18',
    '334',
    '000330898570',
    '3'
  ),
  (
    '6',
    'xl',
    '2022-02-18',
    '335',
    '000330898570',
    '3'
  ),
  (
    '7',
    'xl',
    '2022-02-18',
    '335',
    '000330898570',
    '3'
  ),
  (
    '8',
    'xl',
    '2022-02-18',
    '335',
    '000330898570',
    '3'
  ),
  (
    '9',
    'xl',
    '2022-02-18',
    '335',
    '000330898570',
    '3'
  );
CREATE TABLE EVENTO(
    id_evento int primary key AUTO_INCREMENT,
    id_usuario int,
    nombre varchar (50) not null,
    tipo varchar (30) not null,
    precio int,
    descuento varchar (20),
    fecha_ini date not null,
    fecha_fin date not null,
    fecha_ini_inscrip date not null,
    fecha_fin_inscrip date not null,
    constraint FK_id_usuario_evento foreign key (id_usuario) references ENTRENADOR (id_usuario) on delete cascade on update cascade
  );
CREATE TABLE SOLICITUD_SOCIO_EVENTO(
    id_usuario int,
    id_evento int,
    fecha date,
    primary key (
      id_usuario,
      id_evento,
      fecha
    ),
    constraint FK_id_usuario_solicitud_socio_evento foreign key (id_usuario) references SOCIO (id_socio) on delete cascade on update cascade,
    constraint FK_id_evento_solicitud_socio_evento foreign key (id_evento) references EVENTO (id_evento) on delete cascade on update cascade
  );
CREATE TABLE SOCIO_EVENTO(
    id_usuario int,
    id_evento int,
    marca varchar (50),
    fecha date not null,
    dorsal int,
    primary key (id_usuario, id_evento),
    constraint FK_id_usuario_socio_evento foreign key (id_usuario) references SOCIO (id_socio) on delete cascade on update cascade,
    constraint FK_id_evento_socio_evento foreign key (id_evento) references EVENTO (id_evento) on delete cascade on update cascade
  );
CREATE TABLE EXTERNO(
    id_externo int primary key AUTO_INCREMENT,
    id_evento int,
    nombre varchar (30) not null,
    apellidos varchar (50) not null,
    DNI varchar (11) unique,
    fecha_nacimiento date not null,
    email varchar (50) not null,
    telefono int not null,
    dorasl int,
    marca varchar (50),
    constraint FK_id_evento_externo foreign key (id_evento) references EVENTO (id_evento) on delete cascade on update cascade
  );
CREATE TABLE SOLICITUD_EXTER_EVENTO(
    id_externo int,
    id_evento int,
    fecha date,
    primary key (
      id_externo,
      id_evento,
      fecha
    ),
    constraint FK_id_externo_solicitud_exter_evento foreign key (id_externo) references EXTERNO (id_externo) on delete cascade on update cascade,
    constraint FK__id_eventosolicitud_exter_evento foreign key (id_evento) references EVENTO (id_evento) on delete cascade on update cascade
  );
CREATE TABLE I_ACTIVIDADES(
    id_ingreso_actividades int primary key AUTO_INCREMENT,
    id_externo int,
    id_usuario int,
    id_evento int not null,
    fecha date not null,
    concepto varchar (500) not null,
    importe int not null,
    constraint FK_id_externo_ing_actividades foreign key (id_externo) references EXTERNO (id_externo) on delete cascade on update cascade,
    constraint FK_id_evento_ing_actividades foreign key (id_evento) references EVENTO (id_evento) on delete cascade on update cascade,
    constraint FK_id_usuario_ing_actividades foreign key (id_usuario) references SOCIO (id_socio) on delete cascade on update cascade
  );
create view GRUPOS_Y_HORARIOS as
select
  HORARIO_GRUPO.id_grupo,
  GRUPO.nombre,
  GRUPO.fecha_ini,
  GRUPO.fecha_fin,
  HORARIO_GRUPO.id_horario,
  HORARIO.dia_sem,
  HORARIO.hora_ini,
  HORARIO.hora_fin
from
  HORARIO_GRUPO,
  GRUPO,
  HORARIO
where
  HORARIO_GRUPO.id_grupo = GRUPO.id_grupo
  and HORARIO_GRUPO.id_horario = HORARIO.id_horario;
create view INGRESOS as
select
  id_ingreso_actividades as id_ingreso,
  fecha,
  concepto,
  importe,
  'actividades' as tipo
from
  I_ACTIVIDADES
union all
select
  id_ingreso_cuota as id_ingreso,
  fecha,
  concepto,
  importe,
  'cuotas' as tipo
FROM
  I_CUOTAS
union all
select
  id_ingreso_otros as id_ingreso,
  fecha,
  concepto,
  importe,
  'otros' as tipo
from
  I_OTROS;
create view GASTOS as
select
  id_gastos as id_gasto,
  fecha,
  concepto,
  importe,
  'otros' as tipo
from
  G_OTROS
union all
select
  id_gasto as id_gasto,
  fecha,
  concepto,
  importe,
  'personal' as tipo
FROM
  G_PERSONAL;
create view PARTICIPANTE AS
select
  SOCIO_EVENTO.id_usuario AS id_participante,
  id_evento,
  USUARIO.nombre,
  USUARIO.apellidos,
  "socio" as tipoParticipante
from
  SOCIO_EVENTO,
  USUARIO
WHERE
  SOCIO_EVENTO.id_usuario = USUARIO.id_usuario
union
SELECT
  id_externo as id_participante,
  id_evento,
  nombre,
  apellidos,
  "externo" as tipoParticipante
from
  EXTERNO;
create view EMAIL as
select
  nombre,
  apellidos,
  email,
  "Administradores" as tipo
from
  USUARIO
where
  id_rol = 1
UNION
select
  nombre,
  apellidos,
  email,
  "Entrenadores" as tipo
from
  USUARIO
where
  id_rol = 2
union
select
  nombre,
  apellidos,
  email,
  "Socios" as tipo
from
  USUARIO
where
  id_rol = 3
union
select
  nombre,
  apellidos,
  email,
  "Tiendas" as tipo
from
  USUARIO
where
  id_rol = 4
union
select
  nombre,
  apellidos,
  email,
  "Participantes" as tipo
from
  EXTERNO
union
select
  nombre,
  "" as apellidos,
  email,
  "Entidades" as tipo
from
  OTRAS_ENTIDADES;